[
	{
		"invoiceLine": {
			"createdBy": null,
			"createdDate": "2019-08-18T19:58:41.254+0000",
			"modifiedBy": null,
			"modifiedDate": "2019-08-18T19:58:41.254+0000",
			"id": 1,
			"invoiceId": 1,
			"description": "Monday - Friday",
			"unitPrice": 0.19131,
			"quantity": 248.01,
			"unit": "KWH",
			"netTotal": 47.4467931,
			"vat": 0.23,
			"grossTotal": 58.359555513
		},
		"invoice": {
			"createdBy": null,
			"createdDate": "2019-08-18T19:58:41.244+0000",
			"modifiedBy": null,
			"modifiedDate": "2019-08-18T19:58:41.244+0000",
			"id": 1,
			"number": "ENR/000001",
			"issueDate": "2019-08-12T00:00:00+02:00",
			"grossTotal": 61.803555513
		},
		"client": {
			"createdBy": null,
			"createdDate": "2019-08-18T19:51:46.452+0000",
			"modifiedBy": null,
			"modifiedDate": "2019-08-18T19:51:46.452+0000",
			"id": 1,
			"number": "75c39c4e-c03a-4f93-989c-0dcc6919f466",
			"firstName": "Joanne",
			"middleName": null,
			"lastName": "Chapman",
			"addressLine1": "8015 Arizona Rd",
			"addressLine2": null,
			"postalCode": "37421",
			"city": "Chattanoog",
			"meter": {
				"createdBy": null,
				"createdDate": "2019-08-18T19:50:29.703+0000",
				"modifiedBy": null,
				"modifiedDate": "2019-08-18T19:51:46.459+0000",
				"id": 1,
				"serialNumber": "17d42621-e689-44fc-8f52-af9cf5918729",
				"clientNumber": "75c39c4e-c03a-4f93-989c-0dcc6919f466"
			}
		},
		"planVersion": {
			"id": 301,
			"plan": {
				"id": 101,
				"name": "Weekend Plan",
				"description": "Save on your electricity consumption over the weekend."
			},
			"validSince": "2017-01-01T00:00:00+01:00",
			"fixedFees": {
				"subscriptionFee": 0.5,
				"networkFee": 2.3
			},
			"expression": ".01.01-12.31\n..1-5\n...0-23:0.19131\n..6-7\n...0-23:0.17617",
			"description": null
		},
		"invoiceRun": {
			"createdBy": null,
			"createdDate": "2019-08-18T19:58:39.106+0000",
			"modifiedBy": null,
			"modifiedDate": "2019-08-18T19:58:39.106+0000",
			"id": 52,
			"sinceClosed": "2019-07-01T00:00:00+02:00",
			"untilOpen": "2019-08-01T00:00:00+02:00",
			"issueDate": "2019-08-12T00:00:00+02:00",
			"numberTemplate": "ENR/%06d",
			"firstInvoiceNumber": 1,
			"status": "STARTED",
			"progress": {
				"numberOfInvoicesToGenerate": 1,
				"numberOfSuccesses": 0,
				"numberOfFailures": 0
			}
		}
	},
	{
		"invoiceLine": {
			"createdBy": null,
			"createdDate": "2019-08-18T19:58:41.257+0000",
			"modifiedBy": null,
			"modifiedDate": "2019-08-18T19:58:41.257+0000",
			"id": 2,
			"invoiceId": 1,
			"description": "Saturday - Sunday",
			"unitPrice": 0.17617,
			"quantity": 0,
			"unit": "KWH",
			"netTotal": 0.0,
			"vat": 0.23,
			"grossTotal": 0.0
		},
		"invoice": {
			"createdBy": null,
			"createdDate": "2019-08-18T19:58:41.244+0000",
			"modifiedBy": null,
			"modifiedDate": "2019-08-18T19:58:41.244+0000",
			"id": 1,
			"number": "ENR/000001",
			"issueDate": "2019-08-12T00:00:00+02:00",
			"grossTotal": 61.803555513
		},
		"client": {
			"createdBy": null,
			"createdDate": "2019-08-18T19:51:46.452+0000",
			"modifiedBy": null,
			"modifiedDate": "2019-08-18T19:51:46.452+0000",
			"id": 1,
			"number": "75c39c4e-c03a-4f93-989c-0dcc6919f466",
			"firstName": "Joanne",
			"middleName": null,
			"lastName": "Chapman",
			"addressLine1": "8015 Arizona Rd",
			"addressLine2": null,
			"postalCode": "37421",
			"city": "Chattanoog",
			"meter": {
				"createdBy": null,
				"createdDate": "2019-08-18T19:50:29.703+0000",
				"modifiedBy": null,
				"modifiedDate": "2019-08-18T19:51:46.459+0000",
				"id": 1,
				"serialNumber": "17d42621-e689-44fc-8f52-af9cf5918729",
				"clientNumber": "75c39c4e-c03a-4f93-989c-0dcc6919f466"
			}
		},
		"planVersion": {
			"id": 301,
			"plan": {
				"id": 101,
				"name": "Weekend Plan",
				"description": "Save on your electricity consumption over the weekend."
			},
			"validSince": "2017-01-01T00:00:00+01:00",
			"fixedFees": {
				"subscriptionFee": 0.5,
				"networkFee": 2.3
			},
			"expression": ".01.01-12.31\n..1-5\n...0-23:0.19131\n..6-7\n...0-23:0.17617",
			"description": null
		},
		"invoiceRun": {
			"createdBy": null,
			"createdDate": "2019-08-18T19:58:39.106+0000",
			"modifiedBy": null,
			"modifiedDate": "2019-08-18T19:58:39.106+0000",
			"id": 52,
			"sinceClosed": "2019-07-01T00:00:00+02:00",
			"untilOpen": "2019-08-01T00:00:00+02:00",
			"issueDate": "2019-08-12T00:00:00+02:00",
			"numberTemplate": "ENR/%06d",
			"firstInvoiceNumber": 1,
			"status": "STARTED",
			"progress": {
				"numberOfInvoicesToGenerate": 1,
				"numberOfSuccesses": 0,
				"numberOfFailures": 0
			}
		}
	},
	{
		"invoiceLine": {
			"createdBy": null,
			"createdDate": "2019-08-18T19:58:41.258+0000",
			"modifiedBy": null,
			"modifiedDate": "2019-08-18T19:58:41.258+0000",
			"id": 3,
			"invoiceId": 1,
			"description": "Network fee",
			"unitPrice": 2.3,
			"quantity": 1,
			"unit": "NONE",
			"netTotal": 2.3,
			"vat": 0.23,
			"grossTotal": 2.829
		},
		"invoice": {
			"createdBy": null,
			"createdDate": "2019-08-18T19:58:41.244+0000",
			"modifiedBy": null,
			"modifiedDate": "2019-08-18T19:58:41.244+0000",
			"id": 1,
			"number": "ENR/000001",
			"issueDate": "2019-08-12T00:00:00+02:00",
			"grossTotal": 61.803555513
		},
		"client": {
			"createdBy": null,
			"createdDate": "2019-08-18T19:51:46.452+0000",
			"modifiedBy": null,
			"modifiedDate": "2019-08-18T19:51:46.452+0000",
			"id": 1,
			"number": "75c39c4e-c03a-4f93-989c-0dcc6919f466",
			"firstName": "Joanne",
			"middleName": null,
			"lastName": "Chapman",
			"addressLine1": "8015 Arizona Rd",
			"addressLine2": null,
			"postalCode": "37421",
			"city": "Chattanoog",
			"meter": {
				"createdBy": null,
				"createdDate": "2019-08-18T19:50:29.703+0000",
				"modifiedBy": null,
				"modifiedDate": "2019-08-18T19:51:46.459+0000",
				"id": 1,
				"serialNumber": "17d42621-e689-44fc-8f52-af9cf5918729",
				"clientNumber": "75c39c4e-c03a-4f93-989c-0dcc6919f466"
			}
		},
		"planVersion": {
			"id": 301,
			"plan": {
				"id": 101,
				"name": "Weekend Plan",
				"description": "Save on your electricity consumption over the weekend."
			},
			"validSince": "2017-01-01T00:00:00+01:00",
			"fixedFees": {
				"subscriptionFee": 0.5,
				"networkFee": 2.3
			},
			"expression": ".01.01-12.31\n..1-5\n...0-23:0.19131\n..6-7\n...0-23:0.17617",
			"description": null
		},
		"invoiceRun": {
			"createdBy": null,
			"createdDate": "2019-08-18T19:58:39.106+0000",
			"modifiedBy": null,
			"modifiedDate": "2019-08-18T19:58:39.106+0000",
			"id": 52,
			"sinceClosed": "2019-07-01T00:00:00+02:00",
			"untilOpen": "2019-08-01T00:00:00+02:00",
			"issueDate": "2019-08-12T00:00:00+02:00",
			"numberTemplate": "ENR/%06d",
			"firstInvoiceNumber": 1,
			"status": "STARTED",
			"progress": {
				"numberOfInvoicesToGenerate": 1,
				"numberOfSuccesses": 0,
				"numberOfFailures": 0
			}
		}
	},
	{
		"invoiceLine": {
			"createdBy": null,
			"createdDate": "2019-08-18T19:58:41.258+0000",
			"modifiedBy": null,
			"modifiedDate": "2019-08-18T19:58:41.258+0000",
			"id": 4,
			"invoiceId": 1,
			"description": "Subscription fee",
			"unitPrice": 0.5,
			"quantity": 1,
			"unit": "NONE",
			"netTotal": 0.5,
			"vat": 0.23,
			"grossTotal": 0.615
		},
		"invoice": {
			"createdBy": null,
			"createdDate": "2019-08-18T19:58:41.244+0000",
			"modifiedBy": null,
			"modifiedDate": "2019-08-18T19:58:41.244+0000",
			"id": 1,
			"number": "ENR/000001",
			"issueDate": "2019-08-12T00:00:00+02:00",
			"grossTotal": 61.803555513
		},
		"client": {
			"createdBy": null,
			"createdDate": "2019-08-18T19:51:46.452+0000",
			"modifiedBy": null,
			"modifiedDate": "2019-08-18T19:51:46.452+0000",
			"id": 1,
			"number": "75c39c4e-c03a-4f93-989c-0dcc6919f466",
			"firstName": "Joanne",
			"middleName": null,
			"lastName": "Chapman",
			"addressLine1": "8015 Arizona Rd",
			"addressLine2": null,
			"postalCode": "37421",
			"city": "Chattanoog",
			"meter": {
				"createdBy": null,
				"createdDate": "2019-08-18T19:50:29.703+0000",
				"modifiedBy": null,
				"modifiedDate": "2019-08-18T19:51:46.459+0000",
				"id": 1,
				"serialNumber": "17d42621-e689-44fc-8f52-af9cf5918729",
				"clientNumber": "75c39c4e-c03a-4f93-989c-0dcc6919f466"
			}
		},
		"planVersion": {
			"id": 301,
			"plan": {
				"id": 101,
				"name": "Weekend Plan",
				"description": "Save on your electricity consumption over the weekend."
			},
			"validSince": "2017-01-01T00:00:00+01:00",
			"fixedFees": {
				"subscriptionFee": 0.5,
				"networkFee": 2.3
			},
			"expression": ".01.01-12.31\n..1-5\n...0-23:0.19131\n..6-7\n...0-23:0.17617",
			"description": null
		},
		"invoiceRun": {
			"createdBy": null,
			"createdDate": "2019-08-18T19:58:39.106+0000",
			"modifiedBy": null,
			"modifiedDate": "2019-08-18T19:58:39.106+0000",
			"id": 52,
			"sinceClosed": "2019-07-01T00:00:00+02:00",
			"untilOpen": "2019-08-01T00:00:00+02:00",
			"issueDate": "2019-08-12T00:00:00+02:00",
			"numberTemplate": "ENR/%06d",
			"firstInvoiceNumber": 1,
			"status": "STARTED",
			"progress": {
				"numberOfInvoicesToGenerate": 1,
				"numberOfSuccesses": 0,
				"numberOfFailures": 0
			}
		}
	}
]