<?xml version="1.0" encoding="UTF-8"?>
<databaseChangeLog
        xmlns="http://www.liquibase.org/xml/ns/dbchangelog"
        xmlns:xsi="http://www.w3.org/2001/XMLSchema-instance"
        xsi:schemaLocation="http://www.liquibase.org/xml/ns/dbchangelog
                      http://www.liquibase.org/xml/ns/dbchangelog/dbchangelog-3.1.xsd">
    <changeSet author="bkaminnski" id="1.6_invoice_generation_001">
        <createTable tableName="invoice_run">
            <column name="id" type="bigint">
                <constraints nullable="false" primaryKey="true" unique="true"/>
            </column>
            <column name="issue_date" type="timestamp with timezone">
                <constraints nullable="false"/>
            </column>
            <column name="number_template" type="varchar(50)">
                <constraints nullable="false"/>
            </column>
            <column name="first_invoice_number" type="number">
                <constraints nullable="false"/>
            </column>
            <column name="since_closed" type="timestamp with timezone"/>
            <column name="until_open" type="timestamp with timezone"/>
            <column name="created_by" type="varchar(255)"/>
            <column name="created_date" type="timestamp with timezone"/>
            <column name="modified_by" type="varchar(255)"/>
            <column name="modified_date" type="timestamp with timezone"/>
        </createTable>
        <createSequence sequenceName="invoice_run_id_seq" startValue="1" minValue="1" incrementBy="50"/>
    </changeSet>
    <changeSet author="bkaminnski" id="1.6_invoice_generation_002">
        <addColumn tableName="invoice">
            <column name="invoice_run_id" type="bigint"/>
            <column name="client_id" type="bigint"/>
            <column name="plan_version_id" type="bigint"/>
        </addColumn>
        <addForeignKeyConstraint baseTableName="invoice" baseColumnNames="invoice_run_id"
                                 constraintName="invoice_invoice_run_fk"
                                 referencedTableName="invoice_run" referencedColumnNames="id"/>
        <addForeignKeyConstraint baseTableName="invoice" baseColumnNames="client_id"
                                 constraintName="invoice_client_fk"
                                 referencedTableName="client" referencedColumnNames="id"/>
        <addForeignKeyConstraint baseTableName="invoice" baseColumnNames="plan_version_id"
                                 constraintName="invoice_plan_version_fk"
                                 referencedTableName="plan_version" referencedColumnNames="id"/>
        <addColumn tableName="invoice">
            <column name="gross_total" type="number(11,2)"/>
        </addColumn>
    </changeSet>
    <changeSet author="bkaminnski" id="1.6_invoice_generation_003">
        <createTable tableName="invoice_line">
            <column name="id" type="bigint">
                <constraints nullable="false" primaryKey="true" unique="true"/>
            </column>
            <column name="invoice_id" type="bigint">
                <constraints nullable="false"/>
            </column>
            <column name="description" type="varchar(255)">
                <constraints nullable="false"/>
            </column>
            <column name="unit_price" type="number(11,5)"/>
            <column name="quantity" type="number(11,4)"/>
            <column name="unit" type="varchar(10)"/>
            <column name="net_total" type="number(11,2)"/>
            <column name="vat" type="number(11,2)"/>
            <column name="gross_total" type="number(11,2)"/>
            <column name="created_by" type="varchar(255)"/>
            <column name="created_date" type="timestamp with timezone"/>
            <column name="modified_by" type="varchar(255)"/>
            <column name="modified_date" type="timestamp with timezone"/>
        </createTable>
        <createSequence sequenceName="invoice_line_id_seq" startValue="1" minValue="1" incrementBy="50"/>
        <addForeignKeyConstraint baseTableName="invoice_line" baseColumnNames="invoice_id"
                                 constraintName="invoice_line_invoice_fk"
                                 referencedTableName="invoice" referencedColumnNames="id"/>
    </changeSet>
    <changeSet author="bkaminnski" id="1.6_invoice_generation_004">
        <addColumn tableName="invoice_run">
            <column name="status" type="varchar2(50)"/>
            <column name="number_of_invoices_to_generate" type="bigint"/>
            <column name="number_of_successes" type="bigint"/>
            <column name="number_of_failures" type="bigint"/>
        </addColumn>
    </changeSet>
    <changeSet author="bkaminnski" id="1.6_invoice_generation_005">
        <createTable tableName="invoice_run_message">
            <column name="id" type="bigint">
                <constraints nullable="false" primaryKey="true" unique="true"/>
            </column>
            <column name="invoice_run_id" type="bigint">
                <constraints nullable="false"/>
            </column>
            <column name="message" type="varchar2(2000)"/>
            <column name="created_by" type="varchar(255)"/>
            <column name="created_date" type="timestamp with timezone"/>
            <column name="modified_by" type="varchar(255)"/>
            <column name="modified_date" type="timestamp with timezone"/>
        </createTable>
        <createSequence sequenceName="invoice_run_message_id_seq" startValue="1" minValue="1" incrementBy="50"/>
        <addForeignKeyConstraint baseTableName="invoice_run_message" baseColumnNames="invoice_run_id"
                                 constraintName="invoice_run_message_invoice_run_fk"
                                 referencedTableName="invoice_run" referencedColumnNames="id"/>
    </changeSet>
</databaseChangeLog>
