<?xml version="1.0" encoding="UTF-8"?>
<databaseChangeLog
        xmlns="http://www.liquibase.org/xml/ns/dbchangelog"
        xmlns:xsi="http://www.w3.org/2001/XMLSchema-instance"
        xsi:schemaLocation="http://www.liquibase.org/xml/ns/dbchangelog
                      http://www.liquibase.org/xml/ns/dbchangelog/dbchangelog-3.1.xsd">
    <changeSet author="bkaminnski" id="initial-data-0002">
        <insert tableName="auser">
            <column name="id" valueSequenceNext="auser_id_seq"/>
            <column name="external_id" value="d7491b20-8534-4691-9b4d-a2011dbe5ebf"/>
            <column name="email" value="alice@softwarewithpassion.com"/>
            <column name="first_name" value="Alice"/>
            <column name="last_name" value="Peterson"/>
            <column name="password" value="$2a$10$y2xNdzqgwHl6zOP9kXtdsOSNWmLYmF.IhwaExLXFTFT/RQF/J8aBK"/>
            <column name="created_by" value="SYSTEM"/>
            <column name="created_date" value="2019-01-01T00:00:00"/>
        </insert>
    </changeSet>
</databaseChangeLog>