<?xml version="1.0" encoding="UTF-8"?>
<databaseChangeLog
        xmlns="http://www.liquibase.org/xml/ns/dbchangelog"
        xmlns:xsi="http://www.w3.org/2001/XMLSchema-instance"
        xsi:schemaLocation="http://www.liquibase.org/xml/ns/dbchangelog
                      http://www.liquibase.org/xml/ns/dbchangelog/dbchangelog-3.1.xsd">
    <changeSet author="bkaminnski" id="1.7_users">
        <createTable tableName="auser">
            <column name="id" type="bigint">
                <constraints nullable="false" primaryKey="true" unique="true"/>
            </column>
            <column name="external_id" type="varchar(36)">
                <constraints nullable="false"/>
            </column>
            <column name="email" type="varchar(36)">
                <constraints nullable="false"/>
            </column>
            <column name="first_name" type="varchar(36)">
                <constraints nullable="false"/>
            </column>
            <column name="last_name" type="varchar(36)">
                <constraints nullable="false"/>
            </column>
            <column name="password" type="varchar(60)">
                <constraints nullable="false"/>
            </column>
            <column name="created_by" type="varchar(255)"/>
            <column name="created_date" type="timestamp with timezone"/>
            <column name="modified_by" type="varchar(255)"/>
            <column name="modified_date" type="timestamp with timezone"/>
        </createTable>
        <createSequence sequenceName="auser_id_seq" startValue="1" minValue="1" incrementBy="50"/>
        <addUniqueConstraint tableName="auser" columnNames="external_id" constraintName="auser_external_id_uk"/>
        <addUniqueConstraint tableName="auser" columnNames="email" constraintName="auser_email_uk"/>
    </changeSet>
</databaseChangeLog>
