<?xml version="1.0" encoding="UTF-8"?>
<databaseChangeLog
        xmlns="http://www.liquibase.org/xml/ns/dbchangelog"
        xmlns:xsi="http://www.w3.org/2001/XMLSchema-instance"
        xsi:schemaLocation="http://www.liquibase.org/xml/ns/dbchangelog
                      http://www.liquibase.org/xml/ns/dbchangelog/dbchangelog-3.1.xsd">
    <changeSet author="bkaminnski" id="initial-data-0001">
        <insert tableName="plan">
            <column name="id" valueSequenceNext="plan_id_seq"/>
            <column name="name" value="Stable Plan"/>
            <column name="description" value="Pay the same price all day."/>
            <column name="created_by" value="SYSTEM"/>
            <column name="created_date" value="2019-01-01T00:00:00"/>
        </insert>
        <insert tableName="plan">
            <column name="id" valueSequenceNext="plan_id_seq"/>
            <column name="name" value="Night Plan"/>
            <column name="description" value="Save on your electricity consumption during the night."/>
            <column name="created_by" value="SYSTEM"/>
            <column name="created_date" value="2019-01-01T00:00:00"/>
        </insert>
        <insert tableName="plan">
            <column name="id" valueSequenceNext="plan_id_seq"/>
            <column name="name" value="Weekend Plan"/>
            <column name="description" value="Save on your electricity consumption over the weekend."/>
            <column name="created_by" value="SYSTEM"/>
            <column name="created_date" value="2019-01-01T00:00:00"/>
        </insert>
        <insert tableName="plan">
            <column name="id" valueSequenceNext="plan_id_seq"/>
            <column name="name" value="Winter Plan"/>
            <column name="description" value="Save on your electricity consumption during the winter time."/>
            <column name="created_by" value="SYSTEM"/>
            <column name="created_date" value="2019-01-01T00:00:00"/>
        </insert>
        <insert tableName="plan_version">
            <column name="id" valueSequenceNext="plan_id_seq"/>
            <column name="plan_id" valueComputed="(select id from plan where name='Stable Plan')"/>
            <column name="subscription_fee" value="0.50"/>
            <column name="network_fee" value="2.30"/>
            <column name="expression"><![CDATA[.01.01-12.31
..1-7
...0-23:0.18692]]></column>
            <column name="valid_since" value="2019-01-01T00:00:00"/>
            <column name="created_by" value="SYSTEM"/>
            <column name="created_date" value="2019-01-01T00:00:00"/>
        </insert>
        <insert tableName="plan_version">
            <column name="id" valueSequenceNext="plan_id_seq"/>
            <column name="plan_id" valueComputed="(select id from plan where name='Night Plan')"/>
            <column name="subscription_fee" value="0.50"/>
            <column name="network_fee" value="2.30"/>
            <column name="expression"><![CDATA[.01.01-12.31
..1-7
...8-22:0.19288
...23-7:0.17531]]></column>
            <column name="valid_since" value="2019-01-01T00:00:00"/>
            <column name="created_by" value="SYSTEM"/>
            <column name="created_date" value="2019-01-01T00:00:00"/>
        </insert>
        <insert tableName="plan_version">
            <column name="id" valueSequenceNext="plan_id_seq"/>
            <column name="plan_id" valueComputed="(select id from plan where name='Weekend Plan')"/>
            <column name="subscription_fee" value="0.50"/>
            <column name="network_fee" value="2.30"/>
            <column name="expression"><![CDATA[.01.01-12.31
..1-5
...0-23:0.19131
..6-7
...0-23:0.17617]]></column>
            <column name="valid_since" value="2019-01-01T00:00:00"/>
            <column name="created_by" value="SYSTEM"/>
            <column name="created_date" value="2019-01-01T00:00:00"/>
        </insert>
        <insert tableName="plan_version">
            <column name="id" valueSequenceNext="plan_id_seq"/>
            <column name="plan_id" valueComputed="(select id from plan where name='Winter Plan')"/>
            <column name="subscription_fee" value="0.50"/>
            <column name="network_fee" value="2.30"/>
            <column name="expression"><![CDATA[.04.01-10.31
..1-7
...0-23:0.18910
.11.01-03.31
..1-7
...0-23:0.17720]]></column>
            <column name="valid_since" value="2019-01-01T00:00:00"/>
            <column name="created_by" value="SYSTEM"/>
            <column name="created_date" value="2019-01-01T00:00:00"/>
        </insert>
    </changeSet>
</databaseChangeLog>