<?xml version="1.0" encoding="UTF-8"?>
<databaseChangeLog
        xmlns="http://www.liquibase.org/xml/ns/dbchangelog"
        xmlns:xsi="http://www.w3.org/2001/XMLSchema-instance"
        xsi:schemaLocation="http://www.liquibase.org/xml/ns/dbchangelog
                      http://www.liquibase.org/xml/ns/dbchangelog/dbchangelog-3.1.xsd">
    <include file="db.changelog-1.0_invoice.xml" relativeToChangelogFile="true"/>
    <include file="db.changelog-1.1_readings_upload.xml" relativeToChangelogFile="true"/>
    <include file="db.changelog-1.2_clients.xml" relativeToChangelogFile="true"/>
    <include file="db.changelog-1.3_plans.xml" relativeToChangelogFile="true"/>
    <include file="db.changelog-1.4_plans_initial_data.xml" relativeToChangelogFile="true"/>
    <include file="db.changelog-1.5_client_plans.xml" relativeToChangelogFile="true"/>
    <include file="db.changelog-1.6_invoice_generation.xml" relativeToChangelogFile="true"/>
    <include file="db.changelog-1.7_users.xml" relativeToChangelogFile="true"/>
    <include file="db.changelog-1.8_users_initial_data.xml" relativeToChangelogFile="true"/>
</databaseChangeLog>