<?xml version="1.0" encoding="UTF-8"?>
<databaseChangeLog
        xmlns="http://www.liquibase.org/xml/ns/dbchangelog"
        xmlns:xsi="http://www.w3.org/2001/XMLSchema-instance"
        xsi:schemaLocation="http://www.liquibase.org/xml/ns/dbchangelog
                      http://www.liquibase.org/xml/ns/dbchangelog/dbchangelog-3.1.xsd">
    <changeSet author="bkaminnski" id="1.1_readings_upload_001">
        <createTable tableName="meter">
            <column name="id" type="bigint">
                <constraints nullable="false" primaryKey="true" unique="true"/>
            </column>
            <column name="serial_number" type="varchar(36)">
                <constraints nullable="false"/>
            </column>
            <column name="created_by" type="varchar(255)"/>
            <column name="created_date" type="timestamp with timezone"/>
            <column name="modified_by" type="varchar(255)"/>
            <column name="modified_date" type="timestamp with timezone"/>
        </createTable>
        <createSequence sequenceName="meter_id_seq" startValue="1" minValue="1" incrementBy="50"/>
        <addUniqueConstraint tableName="meter" columnNames="serial_number" constraintName="meter_serial_number_uk"/>
        <createIndex indexName="meter_serial_number_idx" tableName="meter">
            <column name="serial_number"/>
        </createIndex>
        <createIndex indexName="meter_created_date_idx" tableName="meter">
            <column name="created_date"/>
        </createIndex>
    </changeSet>
    <changeSet author="bkaminnski" id="1.1_readings_upload_002">
        <createTable tableName="reading">
            <column name="id" type="bigint">
                <constraints nullable="false" primaryKey="true" unique="true"/>
            </column>
            <column name="meter_id" type="bigint">
                <constraints nullable="false"/>
            </column>
            <column name="date" type="date">
                <constraints nullable="false"/>
            </column>
            <column name="since_closed" type="timestamp with timezone"/>
            <column name="until_open" type="timestamp with timezone"/>
            <column name="number_of_expected_values" type="bigint"/>
            <column name="number_of_measured_values" type="bigint"/>
            <column name="created_by" type="varchar(255)"/>
            <column name="created_date" type="timestamp with timezone"/>
            <column name="modified_by" type="varchar(255)"/>
            <column name="modified_date" type="timestamp with timezone"/>
        </createTable>
        <createSequence sequenceName="reading_id_seq" startValue="1" minValue="1" incrementBy="50"/>
        <addForeignKeyConstraint baseTableName="reading" baseColumnNames="meter_id" constraintName="reading_meter_fk"
                                 referencedTableName="meter" referencedColumnNames="id"/>
    </changeSet>
    <changeSet author="bkaminnski" id="1.1_readings_upload_003">
        <createTable tableName="reading_upload">
            <column name="id" type="bigint">
                <constraints nullable="false" primaryKey="true" unique="true"/>
            </column>
            <column name="file_name" type="varchar(255)">
                <constraints nullable="false"/>
            </column>
            <column name="date" type="timestamp with timezone">
                <constraints nullable="false"/>
            </column>
            <column name="error_message" type="varchar(2048)"/>
            <column name="status" type="varchar(10)"/>
            <column name="reading_id" type="bigint"/>
            <column name="created_by" type="varchar(255)"/>
            <column name="created_date" type="timestamp with timezone"/>
            <column name="modified_by" type="varchar(255)"/>
            <column name="modified_date" type="timestamp with timezone"/>
        </createTable>
        <createSequence sequenceName="reading_upload_id_seq" startValue="1" minValue="1" incrementBy="50"/>
        <addForeignKeyConstraint baseTableName="reading_upload" baseColumnNames="reading_id"
                                 constraintName="reading_upload_reading_fk"
                                 referencedTableName="reading" referencedColumnNames="id"/>
        <createIndex indexName="reading_upload_date_idx" tableName="reading_upload">
            <column name="date"/>
        </createIndex>
    </changeSet>
    <changeSet author="bkaminnski" id="1.1_readings_upload_004">
        <createTable tableName="reading_value">
            <column name="reading_id" type="bigint"/>
            <column name="date" type="timestamp with timezone">
                <constraints nullable="false"/>
            </column>
            <column name="value" type="number(11,4)"/>
        </createTable>
        <addPrimaryKey tableName="reading_value" columnNames="reading_id, date" constraintName="reading_value_pk"/>
        <addForeignKeyConstraint baseTableName="reading_value" baseColumnNames="reading_id"
                                 constraintName="reading_value_reading_fk"
                                 referencedTableName="reading" referencedColumnNames="id"/>
    </changeSet>
</databaseChangeLog>
