{
   "serialNumber": "9bce2edb-d4b9-401e-9f6d-eec59f0e7f45",
   "reading": {
      "date": "2019-02-08",
      "values": [
         {
            "date": "2019-01-01T00:00+01:00",
            "value": "0.0471"
         },
         {
            "date": "2019-01-02T00:00+01:00",
            "value": "0.0152"
         },
         {
            "date": "2019-01-03T00:00+01:00",
            "value": "0.0201"
         },
         {
            "date": "2019-01-04T00:00+01:00",
            "value": "0.0197"
         },
         {
            "date": "2019-01-05T00:00+01:00",
            "value": "0.0132"
         }
      ]
   }
}